{
      "method2": [
            {
                  "pose": [
                        318.21588134765627,
                        198.14605712890626,
                        217.01646423339845,
                        3.141554594039917,
                        -0.043081849813461307,
                        0.557005763053894
                  ],
                  "delay": 500
            },
            {
                  "pose": [
                        355.9194030761719,
                        -117.96856689453125,
                        217.6312255859375,
                        3.141573667526245,
                        -0.04472704231739044,
                        -0.32000258564949038
                  ],
                  "delay": 500
            }
      ]
}